1,12,Valid,Valid,1280,720
1,16,Valid,Valid,1280,720
1,16,Valid,Valid,1280,800
2,32,Valid,Valid,1280,800
1,32,Valid,Valid,1280,800
1,12,Valid,Valid,1280,960
1,16,Valid,Valid,1280,960
2,32,Valid,Valid,1280,960
1,32,Valid,Valid,1280,960
1,12,Valid,Valid,1440,900
1,8,Valid,Valid,1920,1080
1,12,Valid,Valid,1920,1080
1,8,Valid,Valid,2048,1536
1,12,Valid,Valid,2048,1536
2,16,Valid,Valid,2048,1536
1,16,Valid,Valid,2048,1536
4,32,Valid,Valid,2048,1536
2,32,Valid,Valid,2048,1536
1,32,Valid,Valid,2048,1536
1,8,Valid,Valid,2560,1440
2,12,Valid,Valid,2560,1440
1,12,Valid,Valid,2560,1440
2,16,Valid,Valid,2560,1440
1,16,Valid,Valid,2560,1440
4,32,Valid,Valid,2560,1440
2,32,Valid,Valid,2560,1440
1,32,Valid,Valid,2560,1440
1,8,Valid,Valid,2560,1600
2,16,Valid,Valid,2560,1600
1,16,Valid,Valid,2560,1600
4,32,Valid,Valid,2560,1600
2,32,Valid,Valid,2560,1600
1,32,Valid,Valid,2560,1600
1,8,Valid,Valid,2560,2048
2,16,Valid,Valid,2560,2048
1,16,Valid,Valid,2560,2048
4,32,Valid,Valid,2560,2048
2,32,Valid,Valid,2560,2048
1,32,Valid,Valid,2560,2048
1,8,Valid,Valid,3200,2048
2,16,Valid,Valid,3200,2048
1,16,Valid,Valid,3200,2048
4,32,Valid,Valid,3200,2048
2,32,Valid,Valid,3200,2048
1,32,Valid,Valid,3200,2048
2,8,Valid,Valid,3840,2160
1,8,Valid,Valid,3840,2160
2,12,Valid,Valid,3840,2160
1,12,Valid,Valid,3840,2160
4,16,Valid,Valid,3840,2160
2,16,Valid,Valid,3840,2160
1,16,Valid,Valid,3840,2160
2,8,Valid,Valid,3840,2400
1,8,Valid,Valid,3840,2400
2,12,Valid,Valid,3840,2400
1,12,Valid,Valid,3840,2400
4,16,Valid,Valid,3840,2400
2,16,Valid,Valid,3840,2400
1,16,Valid,Valid,3840,2400
4,32,Valid,Valid,3840,2400
2,32,Valid,Valid,3840,2400
1,32,Valid,Valid,3840,2400
2,8,Valid,Valid,4096,2160
1,8,Valid,Valid,4096,2160
2,12,Valid,Valid,4096,2160
1,12,Valid,Valid,4096,2160
4,16,Valid,Valid,4096,2160
2,16,Valid,Valid,4096,2160
1,16,Valid,Valid,4096,2160
