1,16,Valid,Valid,1280,1600
2,32,Valid,Valid,1280,1600
1,32,Valid,Valid,1280,1600
1,8,Valid,Valid,1920,2160
1,12,Valid,Valid,1920,2160
2,16,Valid,Valid,1920,2160
1,16,Valid,Valid,1920,2160
1,8,Valid,Valid,1920,2400
1,12,Valid,Valid,1920,2400
2,16,Valid,Valid,1920,2400
1,16,Valid,Valid,1920,2400
4,32,Valid,Valid,1920,2400
2,32,Valid,Valid,1920,2400
1,32,Valid,Valid,1920,2400
1,8,Valid,Valid,2048,2160
1,12,Valid,Valid,2048,2160
2,16,Valid,Valid,2048,2160
1,16,Valid,Valid,2048,2160
