1,32,Valid,Valid,720,1280
1,32,Valid,Valid,800,1280
1,16,Valid,Valid,960,1280
2,32,Valid,Valid,960,1280
1,32,Valid,Valid,960,1280
1,32,Valid,Valid,900,1440
1,16,Valid,Valid,1080,1920
2,32,Valid,Valid,1080,1920
1,32,Valid,Valid,1080,1920
1,16,Valid,Valid,1536,2048
2,32,Valid,Valid,1536,2048
1,32,Valid,Valid,1536,2048
1,16,Valid,Valid,1440,2560
2,32,Valid,Valid,1440,2560
1,32,Valid,Valid,1440,2560
1,16,Valid,Valid,1600,2560
2,32,Valid,Valid,1600,2560
1,32,Valid,Valid,1600,2560
1,8,Valid,Valid,2048,2560
2,16,Valid,Valid,2048,2560
1,16,Valid,Valid,2048,2560
4,32,Valid,Valid,2048,2560
2,32,Valid,Valid,2048,2560
1,32,Valid,Valid,2048,2560
1,8,Valid,Valid,2048,3200
2,16,Valid,Valid,2048,3200
1,16,Valid,Valid,2048,3200
4,32,Valid,Valid,2048,3200
2,32,Valid,Valid,2048,3200
1,32,Valid,Valid,2048,3200
1,8,Valid,Valid,2160,3840
1,12,Valid,Valid,2160,3840
2,16,Valid,Valid,2160,3840
1,16,Valid,Valid,2160,3840
4,32,Valid,Valid,2160,3840
2,32,Valid,Valid,2160,3840
1,32,Valid,Valid,2160,3840
1,8,Valid,Valid,2400,3840
1,12,Valid,Valid,2400,3840
2,16,Valid,Valid,2400,3840
1,16,Valid,Valid,2400,3840
4,32,Valid,Valid,2400,3840
2,32,Valid,Valid,2400,3840
1,32,Valid,Valid,2400,3840
1,8,Valid,Valid,2160,4096
2,16,Valid,Valid,2160,4096
1,16,Valid,Valid,2160,4096
4,32,Valid,Valid,2160,4096
2,32,Valid,Valid,2160,4096
1,32,Valid,Valid,2160,4096
